Upisni broj,Smjer,Bodovi srednja,Bodovi matura,Bodovi ukupno,G1,G2,G3
17068,Ekonomija,503,313,816,84,86,89
20268,Ekonomija,505,304,809,84,89,90
4656,Ekonomija,504,280,784,84,90,90
22401,Ekonomija,464,312,776,86,94,94
11527,Ekonomija,476,292,768,78,81,80
18521,Ekonomija,497,268,765,92,97,96
22308,Ekonomija,500,264,764,78,86,83
11528,Ekonomija,488,275,763,82,87,90
10443,Ekonomija,453,301,754,86,89,92
23217,Ekonomija,511,243,754,84,87,89
13549,Ekonomija,480,270,750,86,94,90
14614,Ekonomija,496,252,748,82,88,87
17767,Ekonomija,475,271,746,80,83,82
21802,Ekonomija,504,241,745,78,83,81
7307,Ekonomija,432,312,744,76,82,82
6015,Ekonomija,460,283,743,78,83,83
3708,Ekonomija,517,221,738,82,84,85
3527,Ekonomija,479,257,736,88,91,96
9743,Ekonomija,425,293,718,78,83,81
12383,Ekonomija,482,230,712,78,86,85
20390,Ekonomija,495,215,710,90,96,95
14815,Ekonomija,415,294,709,76,81,82
14412,Ekonomija,390,316,706,80,83,85
10491,Ekonomija,420,279,699,72,77,80
22222,Ekonomija,463,233,696,80,82,85
25675,Ekonomija,416,278,694,78,83,83
25990,Ekonomija,417,273,690,90,98,95
4182,Ekonomija,496,193,689,90,93,95
10557,Ekonomija,399,289,688,80,84,88
12361,Ekonomija,416,269,685,58,64,64
16280,Ekonomija,391,291,682,84,91,87
4655,Ekonomija,464,217,681,82,83,89
24095,Ekonomija,486,195,681,90,94,95
29680,Ekonomija,411,266,677,78,79,82
12675,Ekonomija,465,210,675,78,81,83
9633,Ekonomija,442,233,675,76,78,82
17759,Ekonomija,449,225,674,84,90,91
954,Ekonomija,362,309,671,78,80,83
23645,Ekonomija,359,308,667,78,85,79
61,Ekonomija,435,231,666,74,82,77
15856,Ekonomija,380,285,665,76,84,77
19349,Ekonomija,398,266,664,78,85,85
26662,Ekonomija,358,305,663,82,87,88
4419,Ekonomija,459,198,657,82,84,88
16363,Ekonomija,368,288,656,76,83,82
28099,Ekonomija,391,262,653,76,79,81
13619,Ekonomija,356,294,650,78,80,83
6336,Ekonomija,338,310,648,80,88,87
18980,Ekonomija,404,242,646,54,62,57
11644,Ekonomija,325,318,643,50,54,57
6924,Ekonomija,437,201,638,54,57,59
2234,Ekonomija,421,216,637,54,60,56
6198,Ekonomija,334,302,636,46,49,50
25552,Ekonomija,394,237,631,58,59,60
25710,Ekonomija,385,231,616,56,58,58
210,Ekonomija,390,225,615,46,51,54
19456,Ekonomija,430,183,613,46,52,52
25483,Ekonomija,292,315,607,46,51,53
6149,Ekonomija,410,196,606,64,71,68
14619,Ekonomija,312,290,602,46,49,51
27458,Ekonomija,311,290,601,84,92,86
15363,Ekonomija,294,305,599,82,89,88
27067,Ekonomija,390,208,598,70,73,76
13574,Ekonomija,357,241,598,78,82,83
29675,Ekonomija,312,285,597,78,86,85
14616,Ekonomija,349,247,596,82,87,90
20335,Ekonomija,369,224,593,70,73,75
4455,Ekonomija,338,253,591,80,88,86
24529,Ekonomija,270,318,588,54,62,60
23155,Ekonomija,402,184,586,50,58,56
3653,Ekonomija,263,319,582,58,61,62
12204,Ekonomija,369,209,578,92,95,94
18637,Ekonomija,355,219,574,82,90,90
23098,Ekonomija,290,284,574,88,91,94
1062,Ekonomija,349,222,571,78,83,83
15356,Ekonomija,279,292,571,86,92,88
20717,Ekonomija,371,197,568,82,90,86
14515,Ekonomija,309,258,567,80,82,82
9217,Ekonomija,363,197,560,80,83,83
16810,Ekonomija,248,312,560,88,89,93
18946,Ekonomija,371,187,558,92,97,97
28665,Ekonomija,285,272,557,92,98,100
14698,Ekonomija,249,299,548,88,94,89
11144,Ekonomija,276,266,542,72,78,80
28695,Ekonomija,242,295,537,90,97,94
5597,Ekonomija,235,294,529,80,87,84
29382,Ekonomija,224,302,526,78,84,80
15035,Ekonomija,227,287,514,82,90,85
12538,Ekonomija,265,246,511,80,88,84
11696,Ekonomija,322,182,504,72,78,77
22294,Ekonomija,270,233,503,80,86,85
15801,Ekonomija,311,192,503,84,86,90
17440,Ekonomija,267,234,501,76,77,81
2744,Ekonomija,282,217,499,88,92,92
5442,Ekonomija,304,191,495,88,93,91
12753,Ekonomija,290,194,484,72,78,78
7733,Ekonomija,224,259,483,86,93,89
8766,Ekonomija,223,258,481,78,84,81
336,Ekonomija,279,199,478,82,87,90
11684,Ekonomija,250,227,477,86,92,94
25808,Ekonomija,256,221,477,84,90,88
29330,Ekonomija,250,221,471,72,74,75
6488,Ekonomija,242,228,470,80,81,85
4350,Ekonomija,266,203,469,76,82,84
23196,Ekonomija,221,247,468,70,78,72
27551,Ekonomija,223,233,456,80,85,82
26513,Ekonomija,233,211,444,84,86,88
24709,Ekonomija,231,189,420,80,85,82
8658,Ekonomija,223,184,407,78,83,83
12051,Ekonomija,220,181,401,76,82,79
13140,Graditeljstvo,500,304,804,90,97,95
25657,Graditeljstvo,500,298,798,82,83,87
13199,Graditeljstvo,486,299,785,76,81,82
6500,Graditeljstvo,518,258,776,88,95,95
22591,Graditeljstvo,455,319,774,96,100,100
24683,Graditeljstvo,451,319,770,76,82,77
18765,Graditeljstvo,475,295,770,82,87,88
12600,Graditeljstvo,472,298,770,74,79,80
19152,Graditeljstvo,452,312,764,80,87,86
4557,Graditeljstvo,471,292,763,48,55,53
10906,Graditeljstvo,451,304,755,54,62,58
19981,Graditeljstvo,449,299,748,56,63,58
7366,Graditeljstvo,484,259,743,52,56,57
17831,Graditeljstvo,450,292,742,50,55,56
8696,Graditeljstvo,437,303,740,58,65,61
19051,Graditeljstvo,472,265,737,52,60,59
17483,Graditeljstvo,513,204,717,58,59,66
13226,Graditeljstvo,457,258,715,56,58,62
4616,Graditeljstvo,497,217,714,50,58,54
20369,Graditeljstvo,477,232,709,50,57,54
20631,Graditeljstvo,386,320,706,56,59,62
13244,Graditeljstvo,388,317,705,92,98,93
8748,Graditeljstvo,439,262,701,90,93,93
13601,Graditeljstvo,451,244,695,82,90,87
801,Graditeljstvo,402,293,695,82,88,86
591,Graditeljstvo,483,211,694,94,100,95
3466,Graditeljstvo,395,297,692,94,100,98
24151,Graditeljstvo,473,218,691,84,87,92
21497,Graditeljstvo,477,209,686,82,87,88
13866,Graditeljstvo,478,205,683,88,96,96
20625,Graditeljstvo,375,303,678,94,99,97
6922,Graditeljstvo,450,228,678,80,82,83
6498,Graditeljstvo,476,200,676,84,90,87
20817,Graditeljstvo,425,250,675,84,89,90
11179,Graditeljstvo,375,298,673,70,71,73
11325,Graditeljstvo,491,181,672,76,78,83
13583,Graditeljstvo,415,252,667,74,79,81
4699,Graditeljstvo,468,197,665,96,100,98
27221,Graditeljstvo,409,254,663,84,87,92
1428,Graditeljstvo,342,320,662,74,78,82
12584,Graditeljstvo,413,245,658,84,86,89
4263,Graditeljstvo,358,299,657,82,90,87
19702,Graditeljstvo,448,204,652,80,85,87
6974,Graditeljstvo,331,317,648,78,84,81
27416,Graditeljstvo,371,277,648,86,91,90
25525,Graditeljstvo,410,232,642,78,86,84
5977,Graditeljstvo,437,201,638,76,83,77
948,Graditeljstvo,368,267,635,70,77,72
5198,Graditeljstvo,402,230,632,72,78,80
11577,Graditeljstvo,341,286,627,82,90,88
26848,Graditeljstvo,380,244,624,76,84,81
14240,Graditeljstvo,352,272,624,78,84,84
5763,Graditeljstvo,402,218,620,84,86,92
12139,Graditeljstvo,392,227,619,86,92,93
2004,Graditeljstvo,309,306,615,82,85,85
226,Graditeljstvo,385,227,612,86,91,92
14110,Graditeljstvo,388,222,610,84,92,87
2588,Graditeljstvo,307,298,605,78,79,85
29229,Graditeljstvo,359,245,604,88,92,91
23726,Graditeljstvo,300,303,603,82,84,84
8453,Graditeljstvo,399,204,603,84,88,92
25796,Graditeljstvo,286,310,596,82,90,90
8604,Graditeljstvo,409,186,595,60,66,66
13008,Graditeljstvo,326,266,592,84,88,89
17553,Graditeljstvo,288,304,592,82,87,87
3695,Graditeljstvo,338,252,590,72,80,77
25835,Graditeljstvo,383,205,588,82,86,89
28741,Graditeljstvo,368,217,585,90,93,93
26945,Graditeljstvo,294,289,583,82,89,85
16775,Graditeljstvo,401,180,581,48,49,49
20629,Graditeljstvo,278,302,580,52,58,56
21266,Graditeljstvo,328,245,573,50,55,55
1780,Graditeljstvo,301,272,573,60,66,63
1958,Graditeljstvo,317,250,567,54,61,59
2505,Graditeljstvo,286,279,565,56,63,64
3815,Graditeljstvo,290,275,565,54,59,59
21801,Graditeljstvo,300,256,556,52,60,53
15333,Graditeljstvo,303,251,554,54,58,55
19742,Graditeljstvo,233,320,553,50,51,53
24669,Graditeljstvo,323,227,550,48,51,54
20077,Graditeljstvo,309,240,549,40,43,47
9482,Graditeljstvo,280,259,539,86,92,92
26806,Graditeljstvo,249,289,538,90,96,93
20530,Graditeljstvo,303,234,537,86,93,92
5306,Graditeljstvo,221,315,536,80,83,83
25811,Graditeljstvo,313,221,534,90,95,93
3621,Graditeljstvo,292,231,523,86,93,92
27146,Graditeljstvo,322,199,521,86,89,90
21690,Graditeljstvo,339,181,520,84,90,89
3307,Graditeljstvo,277,242,519,82,88,88
12284,Graditeljstvo,331,181,512,78,84,83
20454,Graditeljstvo,320,192,512,86,89,94
15072,Graditeljstvo,298,213,511,80,81,86
22648,Graditeljstvo,259,251,510,82,87,88
17463,Graditeljstvo,312,189,501,92,99,97
14026,Graditeljstvo,291,202,493,88,91,90
6220,Graditeljstvo,221,271,492,84,90,92
16330,Graditeljstvo,280,210,490,82,88,86
22082,Graditeljstvo,224,261,485,92,100,98
9105,Graditeljstvo,225,257,482,82,85,88
3430,Graditeljstvo,241,236,477,76,84,82
27,Graditeljstvo,256,209,465,90,98,95
20630,Graditeljstvo,222,242,464,88,95,94
7390,Graditeljstvo,270,192,462,88,90,94
18793,Graditeljstvo,264,194,458,76,81,82
1501,Graditeljstvo,248,203,451,84,87,90
9692,Graditeljstvo,259,190,449,78,81,79
19143,Graditeljstvo,231,206,437,78,85,84
13143,Graditeljstvo,235,189,424,84,89,88
3757,Graditeljstvo,227,192,419,90,95,96
20654,Informatika,488,297,785,82,88,86
21006,Informatika,510,271,781,80,88,88
15154,Informatika,513,258,771,74,80,80
23105,Informatika,447,316,763,82,84,85
21806,Informatika,448,314,762,76,79,81
7119,Informatika,517,245,762,80,82,83
22651,Informatika,506,249,755,76,81,83
2742,Informatika,466,285,751,76,82,80
6636,Informatika,504,244,748,66,69,71
6748,Informatika,472,270,742,68,71,70
16599,Informatika,418,319,737,82,87,90
7684,Informatika,451,285,736,84,90,90
13110,Informatika,438,297,735,78,81,79
27040,Informatika,485,250,735,74,82,76
4297,Informatika,509,220,729,86,91,88
28738,Informatika,433,289,722,70,73,76
17834,Informatika,438,283,721,80,83,82
13039,Informatika,480,238,718,84,92,89
13259,Informatika,451,266,717,80,85,86
9046,Informatika,455,261,716,76,82,79
1196,Informatika,482,231,713,88,92,91
11076,Informatika,413,300,713,68,71,69
13407,Informatika,481,230,711,68,72,76
239,Informatika,451,258,709,84,90,87
8427,Informatika,411,291,702,82,88,87
22975,Informatika,436,264,700,84,90,89
7259,Informatika,450,247,697,94,100,95
20656,Informatika,488,207,695,78,81,80
18713,Informatika,460,234,694,78,82,86
14360,Informatika,426,259,685,84,89,92
19255,Informatika,462,221,683,86,89,91
7986,Informatika,414,268,682,70,73,75
12949,Informatika,394,282,676,84,89,91
22582,Informatika,470,203,673,74,80,82
26235,Informatika,455,217,672,74,81,78
9238,Informatika,486,181,667,74,82,82
21067,Informatika,430,236,666,72,78,75
3343,Informatika,374,291,665,82,90,90
24820,Informatika,418,239,657,84,85,90
27998,Informatika,391,253,644,80,84,85
2126,Informatika,342,301,643,88,96,90
25088,Informatika,358,284,642,72,78,80
6944,Informatika,324,318,642,78,81,84
19462,Informatika,373,266,639,84,91,88
24957,Informatika,331,305,636,84,88,92
29126,Informatika,323,309,632,82,83,88
27818,Informatika,422,208,630,78,83,79
7015,Informatika,374,254,628,76,81,82
644,Informatika,415,211,626,82,83,90
19500,Informatika,438,187,625,82,88,85
420,Informatika,443,181,624,84,87,88
7558,Informatika,363,259,622,76,84,84
16546,Informatika,350,271,621,82,86,89
27921,Informatika,367,254,621,76,79,80
2834,Informatika,427,193,620,74,76,79
5858,Informatika,325,291,616,80,87,88
6641,Informatika,429,187,616,70,73,73
2473,Informatika,424,192,616,84,88,89
22757,Informatika,433,182,615,82,87,84
20587,Informatika,321,293,614,54,59,56
20091,Informatika,346,267,613,54,60,58
7072,Informatika,344,259,603,56,64,62
7442,Informatika,304,291,595,52,60,56
20356,Informatika,366,223,589,58,66,61
24816,Informatika,285,299,584,50,58,58
20630,Informatika,350,232,582,52,56,55
4370,Informatika,374,206,580,54,61,57
4538,Informatika,306,272,578,56,62,59
28511,Informatika,383,192,575,54,56,60
12081,Informatika,309,265,574,44,48,50
4058,Informatika,301,269,570,52,56,58
28689,Informatika,367,202,569,58,61,62
15512,Informatika,353,216,569,60,68,67
13041,Informatika,291,275,566,56,58,60
27684,Informatika,325,241,566,60,63,65
15530,Informatika,348,211,559,56,62,62
6455,Informatika,365,192,557,54,60,59
23512,Informatika,298,259,557,54,62,62
9162,Informatika,354,200,554,56,61,59
13690,Informatika,364,189,553,48,54,56
7108,Informatika,368,183,551,56,62,64
27774,Informatika,354,197,551,82,87,89
15059,Informatika,287,256,543,84,92,92
4004,Informatika,279,263,542,82,88,87
25059,Informatika,223,318,541,76,81,83
17612,Informatika,306,234,540,86,88,93
307,Informatika,292,243,535,82,90,86
10489,Informatika,349,186,535,74,79,76
21039,Informatika,260,274,534,90,95,97
27569,Informatika,284,249,533,96,100,100
6848,Informatika,258,273,531,90,95,96
12875,Informatika,220,308,528,84,85,87
2360,Informatika,287,239,526,80,81,82
20728,Informatika,321,200,521,92,100,99
23064,Informatika,327,188,515,84,90,86
4924,Informatika,285,227,512,92,93,94
22803,Informatika,327,185,512,82,84,88
8665,Informatika,283,227,510,86,93,92
12030,Informatika,254,252,506,100,100,100
17310,Informatika,232,270,502,82,89,90
12628,Informatika,269,232,501,88,93,96
27442,Informatika,247,250,497,90,93,98
15515,Informatika,308,187,495,80,83,87
28123,Informatika,302,192,494,80,84,87
22177,Informatika,257,223,480,80,86,83
23032,Informatika,222,253,475,80,88,84
19858,Informatika,231,225,456,76,84,84
21425,Informatika,223,229,452,80,85,82
22849,Informatika,262,181,443,74,77,80
14127,Informatika,222,180,402,84,92,92
9403,Menadzment,415,260.4700012,675.4700012,80,87,82
3119,Menadzment,477,310.3099976,787,80,85,84
23198,Menadzment,447,333.25,780,82,90,87
11012,Menadzment,467,306.25,773,82,84,89
16070,Menadzment,469,293.1300049,762,90,95,98
15756,Menadzment,460,282.0599976,742,82,90,87
6605,Menadzment,450,282.9400024,732,72,80,79
10314,Menadzment,467,263.9100037,730,84,87,90
27149,Menadzment,476,250.7799988,726,86,92,88
16292,Menadzment,461,247.8099976,708,70,77,75
8923,Menadzment,370,336.1900024,706,78,85,79
16187,Menadzment,409,295.3800049,704,84,89,92
20165,Menadzment,481,215.4700012,696,86,90,91
7279,Menadzment,378,315.3099976,693,76,82,79
18832,Menadzment,393,299.9400024,692,90,92,98
28197,Menadzment,470,222.1799927,692,94,99,97
24562,Menadzment,476,214.0599976,690,68,74,73
6889,Menadzment,414,271.8699951,685,78,82,84
13231,Menadzment,398,285.1600037,683,72,78,75
10627,Menadzment,444,236.8800049,680,90,93,96
7543,Menadzment,422,255.1600037,677,82,86,87
7361,Menadzment,422,247.9700012,670,80,83,83
6855,Menadzment,412,250.8800049,662,82,85,87
2912,Menadzment,437,224.5299988,661,78,81,85
9524,Menadzment,389,265.3099976,654,80,87,85
6969,Menadzment,398,256.1000061,654,78,85,84
27204,Menadzment,396,258,654,72,78,77
3766,Menadzment,386,267.8099976,653,74,80,80
14726,Menadzment,376,276.1900024,652,80,83,88
4992,Menadzment,395,255.4400024,650,76,82,83
9004,Menadzment,421,229,650,66,72,72
19009,Menadzment,413,235.9400024,648,76,81,83
7054,Menadzment,359,286.8699951,645,84,89,87
15769,Menadzment,389,255.3099976,644,74,80,77
21763,Menadzment,424,219.8500061,643,78,83,83
4145,Menadzment,328,315.4400024,643,72,77,80
7755,Menadzment,411,226.5599976,637,86,92,91
9396,Menadzment,412,225.0099945,637,88,92,94
4702,Menadzment,426,208.9100037,634,78,80,81
6327,Menadzment,400,230.7799988,630,84,91,91
7734,Menadzment,374,256.5599976,630,76,82,81
14789,Menadzment,385,245.1499939,630,82,87,86
18308,Menadzment,352,274.5599976,626,82,88,89
23491,Menadzment,411,212.9700012,624,84,89,92
8506,Menadzment,356,267.0599976,623,86,91,90
10055,Menadzment,415,207.3399963,622,72,78,77
6737,Menadzment,382,240.1300049,622,72,77,77
3341,Menadzment,436,185.9299927,621,72,80,78
9382,Menadzment,378,241.1300049,619,80,85,85
9885,Menadzment,362,255.1900024,617,80,86,83
12539,Menadzment,357,260.0599976,617,74,78,79
5567,Menadzment,408,209.0700073,617,84,90,91
7877,Menadzment,425,188.2799988,613,70,75,75
12454,Menadzment,407,205.7899933,612,84,92,92
6581,Menadzment,398,213.4499969,611,72,75,76
13441,Menadzment,387,219.8399963,606,80,86,85
8092,Menadzment,418,188.2599945,606,84,87,92
21169,Menadzment,449,157.3399963,606,80,86,88
13975,Menadzment,403,202.1900024,605,80,86,84
3634,Menadzment,417,188.1399994,605,52,54,57
26455,Menadzment-IZV,466,210.4700012,676,70,78,78
175,Menadzment-IZV,389,225.7899933,614,52,55,58
16547,Menadzment-IZV,342,262.3800049,604,52,57,60
18311,Menadzment-IZV,447,155.4799957,602,54,60,62
21328,Menadzment-IZV,437,161.7299957,598,54,59,60
11384,Menadzment-IZV,407,189.5299988,596,56,62,60
23478,Menadzment-IZV,411,184.0700073,595,48,54,55
5432,Menadzment-IZV,372,223.1300049,595,50,53,55
15489,Menadzment-IZV,386,205.7799988,591,52,55,57
21960,Menadzment-IZV,361,227.6600037,588,46,54,52
23193,Menadzment-IZV,350,234.8500061,584,54,57,61
12527,Menadzment-IZV,400,183.5899963,583,54,61,60
13916,Menadzment-IZV,371,207.8099976,578,54,62,60
11608,Menadzment-IZV,395,179.5299988,574,60,66,63
9364,Menadzment-IZV,387,184.5299988,571,58,64,60
4999,Menadzment-IZV,326,244.8099976,570,54,60,62
6568,Menadzment-IZV,380,190.1600037,570,62,63,69
4384,Menadzment-IZV,343,224.0599976,567,56,60,61
12753,Menadzment-IZV,356,209.8399963,565,60,67,62
26005,Menadzment-IZV,356,209.6900024,565,62,64,68
14480,Menadzment-IZV,365,200.3200073,565,58,63,63
5872,Menadzment-IZV,352,213.1300049,565,82,83,86
5718,Menadzment-IZV,408,156.8899994,564,86,89,94
20777,Menadzment-IZV,353,207.0299988,560,82,88,85
20438,Menadzment-IZV,369,189.0700073,558,88,95,93
12132,Menadzment-IZV,313,244.1000061,557,80,83,87
6723,Menadzment-IZV,341,208.9700012,550,94,100,97
9769,Menadzment-IZV,317,231.25,548,96,98,100
10646,Menadzment-IZV,379,166.1000061,545,84,89,90
3972,Menadzment-IZV,308,236.5599976,544,86,89,89
10084,Menadzment-IZV,385,157.0399933,542,86,90,91
4963,Menadzment-IZV,344,197.5099945,541,86,93,92
3029,Menadzment-IZV,367,174.3800049,541,80,87,86
18558,Menadzment-IZV,342,199.1300049,541,88,90,93
19592,Menadzment-IZV,300,237.6900024,537,90,98,97
13207,Menadzment-IZV,295,241.5599976,536,74,80,75
14944,Menadzment-IZV,357,179.0700073,536,92,95,95
2949,Menadzment-IZV,339,195.6300049,534,92,97,98
20984,Menadzment-IZV,352,182.0399933,534,86,92,92
10361,Menadzment-IZV,318,213.4400024,531,86,92,91
6770,Menadzment-IZV,347,182.8099976,529,86,88,94
19823,Menadzment-IZV,396,131.7200012,527,80,85,85
11144,Menadzment-IZV,322,199.75,521,96,100,100
18748,Menadzment-IZV,298,222.5599976,520,84,91,91
12723,Menadzment-IZV,326,194.3699951,520,82,87,89
24890,Menadzment-IZV,374,145,519,86,91,93
13964,Menadzment-IZV,372,143.5899963,515,86,92,92
4661,Menadzment-IZV,363,152.3399963,515,86,92,88
22804,Menadzment-IZV,320,193.5899963,513,84,86,92
6069,Menadzment-IZV,313,200.4600067,513,74,79,75
22585,Menadzment-IZV,319,192.1900024,511,72,74,75
21045,Menadzment-IZV,318,192.0299988,510,76,79,79
10759,Menadzment-IZV,321,188.2899933,509,78,86,83
1392,Menadzment-IZV,310,196.3800049,506,82,84,85
10177,Menadzment-IZV,294,211.4100037,505,72,77,78
12680,Menadzment-IZV,352,144.8500061,496,72,78,74
10944,Menadzment-IZV,328,167.6199951,495,74,78,79
6975,Menadzment-IZV,344,149.2299957,493,80,86,82
9477,Menadzment-IZV,280,211.25,491,82,84,87
8817,Menadzment-IZV,276,210.3099976,486,66,69,71
23347,Promet,516,317,833,76,84,79
18691,Promet,509,308,817,72,75,79
5005,Promet,518,276,794,74,80,77
20839,Promet,511,275,786,78,84,86
23248,Promet,484,297,781,92,97,96
13437,Promet,485,296,781,90,96,93
19532,Promet,509,269,778,76,81,79
20098,Promet,466,297,763,70,73,76
16149,Promet,517,234,751,82,86,88
29791,Promet,443,300,743,70,76,77
21415,Promet,497,246,743,74,75,82
19665,Promet,417,319,736,84,87,86
11761,Promet,427,307,734,96,100,100
27225,Promet,511,220,731,84,87,90
16999,Promet,448,282,730,74,80,82
11556,Promet,482,246,728,78,81,85
15752,Promet,435,292,727,86,92,94
26696,Promet,516,201,717,82,88,87
9809,Promet,512,205,717,90,95,96
14201,Promet,434,281,715,78,86,85
22812,Promet,509,205,714,82,90,88
14396,Promet,495,218,713,76,83,84
23852,Promet,496,216,712,86,87,87
3034,Promet,413,290,703,74,82,78
3211,Promet,427,275,702,74,75,77
15887,Promet,426,276,702,80,86,81
19735,Promet,420,281,701,88,95,95
12113,Promet,390,308,698,82,87,86
12009,Promet,445,252,697,64,65,67
25938,Promet,461,235,696,76,84,79
9915,Promet,394,302,696,78,82,80
7803,Promet,481,213,694,90,95,92
29327,Promet,462,232,694,82,85,89
2096,Promet,394,292,686,74,81,76
7723,Promet,503,180,683,74,79,76
9918,Promet,382,298,680,72,80,74
20467,Promet,419,259,678,68,71,75
3675,Promet,382,295,677,84,88,91
9456,Promet,391,285,676,84,86,90
10964,Promet,396,274,670,74,80,82
27883,Promet,384,281,665,82,88,89
12265,Promet,364,295,659,92,96,95
9048,Promet,338,320,658,84,92,85
28043,Promet,338,316,654,88,95,94
13622,Promet,380,271,651,80,88,83
23444,Promet,420,224,644,82,86,85
16698,Promet,344,299,643,78,83,81
1316,Promet,420,219,639,76,84,84
29476,Promet,437,201,638,84,88,90
26206,Promet,401,236,637,58,65,64
19421,Promet,437,199,636,58,66,66
27020,Promet,334,301,635,54,62,58
16972,Promet,392,243,635,46,48,51
3442,Promet,370,259,629,48,53,52
12993,Promet,418,207,625,46,47,49
17086,Promet,331,294,625,50,56,56
14115,Promet,434,190,624,52,55,54
12024,Promet,409,208,617,58,63,66
1502,Promet,348,268,616,54,57,60
20264,Promet,353,258,611,54,57,60
27803,Promet,318,292,610,52,58,56
6510,Promet,419,189,608,54,58,59
29526,Promet,344,261,605,54,59,62
7194,Promet,287,315,602,54,59,62
12978,Promet,323,277,600,58,66,62
4108,Promet,411,186,597,56,64,61
8404,Promet,382,215,597,48,52,53
2544,Promet,373,222,595,50,55,54
11151,Promet,348,245,593,64,67,71
26184,Promet,390,202,592,54,62,62
4420,Promet,401,189,590,54,59,61
1094,Promet,277,306,583,86,89,91
18204,Promet,273,308,581,90,96,93
18794,Promet,273,301,574,78,83,85
8774,Promet,314,257,571,88,91,91
9388,Promet,372,190,562,82,83,85
23484,Promet,334,226,560,76,82,82
7368,Promet,347,211,558,88,94,96
22885,Promet,292,265,557,86,94,89
9592,Promet,246,308,554,84,91,90
17744,Promet,272,276,548,90,98,96
2914,Promet,305,242,547,90,97,95
28703,Promet,243,298,541,82,87,85
5134,Promet,255,286,541,82,87,85
26269,Promet,231,305,536,74,82,77
17776,Promet,293,239,532,88,96,90
15231,Promet,309,221,530,88,90,96
28132,Promet,324,199,523,88,93,93
11045,Promet,255,260,515,88,93,89
11516,Promet,311,201,512,78,81,83
8611,Promet,226,283,509,88,91,94
22302,Promet,298,211,509,88,95,92
17493,Promet,284,222,506,84,90,89
9491,Promet,281,219,500,88,92,91
16234,Promet,271,224,495,84,91,91
18811,Promet,273,221,494,76,81,81
8949,Promet,294,198,492,80,87,88
20446,Promet,279,213,492,78,83,84
21757,Promet,304,184,488,82,84,85
15330,Promet,271,202,473,82,85,85
8514,Promet,267,204,471,76,83,80
9928,Promet,257,213,470,84,85,87
22463,Promet,241,219,460,74,78,79
27572,Promet,247,210,457,76,79,79
7309,Promet,253,196,449,74,76,81
17054,Promet,241,207,448,72,77,78
19688,Promet,238,198,436,84,88,89
6177,Promet,237,191,428,86,94,89
19335,Promet,228,200,428,84,91,92
8624,Promet,231,184,415,76,79,79
12320,Racunarstvo,382,250.7899933,632,74,77,79
4741,Racunarstvo,374,255.1300049,629,76,81,79
25512,Racunarstvo,436,190.0800018,626,72,77,77
24098,Racunarstvo,385,235.75,620,86,90,92
9326,Racunarstvo,428,188.8200073,616,70,77,77
18211,Racunarstvo,375,230.9600067,606,76,84,80
15626,Racunarstvo,383,222.0299988,605,78,80,85
21188,Racunarstvo,358,239.5299988,597,70,74,75
11524,Racunarstvo,379,216,595,90,95,95
567,Racunarstvo,438,149.1900024,587,82,88,89
7004,Racunarstvo,387,188.4499969,575,74,82,76
14243,Racunarstvo,374,201.25,575,76,82,78
27224,Racunarstvo,391,182.5399933,573,76,81,81
9983,Racunarstvo,414,159.4199982,573,86,93,93
1162,Racunarstvo,348,220.8099976,568,82,89,84
14544,Racunarstvo,377,190.7899933,567,74,81,79
11130,Racunarstvo,378,189.2299957,567,66,71,71
3927,Racunarstvo,381,186.1399994,567,78,83,86
18688,Racunarstvo,366,200.4299927,566,68,73,76
19650,Racunarstvo,369,197.3899994,566,64,67,70
23013,Racunarstvo,423,143.4400024,566,78,85,82
21207,Racunarstvo,335,230.1999969,565,78,81,80
21080,Racunarstvo,369,195.75,564,84,85,90
5250,Racunarstvo,356,207.5399933,563,78,81,83
16071,Racunarstvo,341,222.1999969,563,72,76,75
15552,Racunarstvo,366,196.7400055,562,70,76,74
20111,Racunarstvo,364,198.4100037,562,76,81,81
10622,Racunarstvo,350,210.7599945,560,82,89,85
8825,Racunarstvo,362,197.8300018,559,76,82,78
10977,Racunarstvo,352,207.2700043,559,72,79,77
13483,Racunarstvo,382,175.2100067,557,72,74,76
14545,Racunarstvo,364,192.5500031,556,76,80,82
12732,Racunarstvo,385,170.1600037,555,68,73,73
22488,Racunarstvo,347,207.5399933,554,82,88,88
5148,Racunarstvo,389,164.3800049,553,74,79,78
20778,Racunarstvo,359,193.9100037,552,74,77,80
1340,Racunarstvo,324,228.6300049,552,70,75,78
6597,Racunarstvo,397,155.2100067,552,80,83,82
3127,Racunarstvo,371,180.9900055,552,70,75,78
10215,Racunarstvo,373,178.7599945,551,76,82,81
14698,Racunarstvo,339,209.8500061,548,92,94,97
7130,Racunarstvo,356,192.8099976,548,82,89,90
266,Racunarstvo,395,150.9900055,546,68,72,73
24391,Racunarstvo,348,197.9600067,546,86,94,89
4619,Racunarstvo,355,189.7799988,544,82,85,88
21974,Racunarstvo,342,201.25,543,74,79,77
9334,Racunarstvo,383,160.2299957,543,76,82,78
8857,Racunarstvo,391,152.0399933,543,78,79,84
20875,Racunarstvo,343,199.9199982,542,76,82,83
12716,Racunarstvo,323,217.9799957,541,48,55,54
12835,Racunarstvo,305,235.75,540,44,47,49
3887,Racunarstvo,382,156.5599976,538,62,65,67
10133,Racunarstvo,354,184.3800049,538,50,55,56
27342,Racunarstvo,329,208.1300049,537,58,60,66
11553,Racunarstvo,324,210.6799927,534,60,63,65
22859,Racunarstvo,342,190.6999969,532,50,58,51
8713,Racunarstvo,320,209.3800049,529,52,55,60
6417,Racunarstvo,305,223.1199951,528,64,69,66
11216,Racunarstvo,304,223.5200043,527,66,74,74
11627,Racunarstvo,327,196.6199951,523,52,56,59
704,Racunarstvo-IZV,395,260.97,656,58,60,66
17619,Racunarstvo-IZV,359,173.6,532,46,54,52
20113,Racunarstvo-IZV,302,196.45,498,50,52,53
6468,Racunarstvo-IZV,324,161.72,485,44,48,50
6893,Racunarstvo-IZV,309,170.28,479,48,55,54
6188,Racunarstvo-IZV,284,180.16,464,58,66,61
4793,Racunarstvo-IZV,279,144.11,423,62,67,64
4202,Racunarstvo-IZV,296,120.47,416,54,62,59
12542,Racunarstvo-IZV,267,149.26,416,50,57,51
13126,Racunarstvo-IZV,270,121.87,391,50,58,56
1529,Racunarstvo-IZV,323,121,323,50,52,58
22918,Sestrinstvo,500,316,816,78,85,81
15418,Sestrinstvo,481,319,800,98,100,100
26975,Sestrinstvo,515,284,799,90,92,93
13489,Sestrinstvo,481,317,798,82,83,90
23303,Sestrinstvo,510,270,780,82,85,88
21981,Sestrinstvo,492,287,779,90,93,96
21020,Sestrinstvo,500,270,770,76,78,79
25286,Sestrinstvo,463,299,762,88,92,90
19850,Sestrinstvo,458,298,756,86,90,91
7269,Sestrinstvo,434,317,751,86,93,89
13030,Sestrinstvo,445,305,750,86,94,94
22423,Sestrinstvo,504,233,737,86,90,91
25502,Sestrinstvo,448,289,737,86,92,94
28442,Sestrinstvo,434,300,734,84,90,87
10131,Sestrinstvo,480,252,732,82,86,84
2030,Sestrinstvo,455,275,730,90,97,95
21002,Sestrinstvo,490,237,727,86,94,91
22950,Sestrinstvo,417,309,726,76,83,78
3354,Sestrinstvo,517,206,723,88,94,95
6477,Sestrinstvo,466,240,706,94,98,96
17658,Sestrinstvo,429,276,705,84,89,88
29631,Sestrinstvo,457,248,705,84,88,87
23685,Sestrinstvo,476,229,705,78,84,80
3505,Sestrinstvo,490,214,704,80,85,85
19445,Sestrinstvo,481,221,702,86,91,94
16358,Sestrinstvo,458,242,700,88,90,94
27778,Sestrinstvo,485,213,698,74,76,82
9875,Sestrinstvo,432,260,692,86,88,91
23480,Sestrinstvo,498,188,686,84,85,91
8288,Sestrinstvo,421,257,678,74,82,79
14377,Sestrinstvo,456,221,677,80,86,87
10409,Sestrinstvo,408,268,676,84,91,89
25647,Sestrinstvo,370,305,675,72,75,80
22536,Sestrinstvo,402,273,675,84,90,92
23617,Sestrinstvo,426,243,669,76,79,79
13776,Sestrinstvo,367,299,666,76,81,79
17145,Sestrinstvo,469,193,662,72,78,80
143,Sestrinstvo,433,226,659,86,89,94
4301,Sestrinstvo,448,204,652,90,93,91
17554,Sestrinstvo,359,292,651,68,73,70
139,Sestrinstvo,423,219,642,84,90,91
8027,Sestrinstvo,378,264,642,62,68,66
28334,Sestrinstvo,366,276,642,80,88,81
15595,Sestrinstvo,399,241,640,76,81,77
23661,Sestrinstvo,369,270,639,94,100,95
18762,Sestrinstvo,371,258,629,82,90,84
6710,Sestrinstvo,426,202,628,78,86,83
18807,Sestrinstvo,329,296,625,84,90,92
22424,Sestrinstvo,303,319,622,84,90,87
22694,Sestrinstvo,307,315,622,84,90,87
9210,Sestrinstvo,309,313,622,70,71,71
7436,Sestrinstvo,438,182,620,84,90,89
19200,Sestrinstvo,408,208,616,94,100,99
7929,Sestrinstvo,409,206,615,76,79,84
3583,Sestrinstvo,318,292,610,78,82,86
15177,Sestrinstvo,368,242,610,80,86,86
17746,Sestrinstvo,335,274,609,84,92,90
28176,Sestrinstvo,293,305,598,70,78,75
15127,Sestrinstvo,345,253,598,68,75,73
22153,Sestrinstvo,287,306,593,80,83,83
18240,Sestrinstvo,335,258,593,88,96,93
24056,Sestrinstvo,369,222,591,80,87,87
25217,Sestrinstvo,338,251,589,70,72,77
20214,Sestrinstvo,340,248,588,88,90,95
532,Sestrinstvo,279,303,582,72,74,78
4200,Sestrinstvo,370,209,579,86,87,93
12808,Sestrinstvo,292,285,577,78,83,80
21015,Sestrinstvo,292,283,575,80,85,86
21165,Sestrinstvo,264,309,573,70,75,76
7906,Sestrinstvo,309,264,573,82,88,88
8921,Sestrinstvo,366,207,573,74,78,78
13939,Sestrinstvo,342,230,572,72,73,78
22586,Sestrinstvo,255,312,567,88,96,96
8050,Sestrinstvo,301,264,565,88,90,96
18759,Sestrinstvo,278,286,564,74,78,77
24702,Sestrinstvo,239,318,557,82,88,87
16318,Sestrinstvo,344,210,554,80,83,87
6924,Sestrinstvo,372,180,552,80,84,82
8981,Sestrinstvo,262,287,549,72,75,75
25282,Sestrinstvo,339,204,543,74,79,79
20435,Sestrinstvo,279,262,541,78,84,84
18035,Sestrinstvo,263,276,539,88,90,93
7465,Sestrinstvo,316,220,536,86,90,89
17280,Sestrinstvo,257,279,536,90,92,98
8264,Sestrinstvo,235,300,535,84,91,92
1053,Sestrinstvo,224,309,533,88,92,90
29552,Sestrinstvo,237,296,533,76,82,79
8573,Sestrinstvo,316,216,532,76,80,79
22834,Sestrinstvo,268,264,532,52,53,58
17321,Sestrinstvo,332,198,530,52,58,57
16830,Sestrinstvo,324,200,524,64,67,69
5668,Sestrinstvo,303,220,523,62,65,68
3012,Sestrinstvo,232,290,522,56,62,64
7058,Sestrinstvo,286,233,519,64,72,66
10725,Sestrinstvo,316,195,511,58,63,66
18709,Sestrinstvo,306,198,504,48,50,51
3874,Sestrinstvo,239,264,503,54,57,59
24218,Sestrinstvo,302,201,503,52,54,57
12437,Sestrinstvo,319,183,502,48,54,56
2372,Sestrinstvo,294,207,501,56,61,61
17813,Sestrinstvo,267,233,500,58,59,64
14971,Sestrinstvo,272,212,484,60,65,65
6748,Sestrinstvo,263,217,480,50,54,58
18551,Sestrinstvo,254,212,466,48,51,50
896,Sestrinstvo,240,225,465,56,64,58
6200,Sestrinstvo,225,234,459,56,60,62
19398,Sestrinstvo,229,228,457,58,64,64
5783,Sestrinstvo,273,180,453,52,58,57
2964,Sestrinstvo,255,190,445,52,57,55
27208,Sestrinstvo,227,187,414,44,50,47
